k,mean_ari,std_ari,min_cluster_size,mean_confidence,mean_recall,mean_false_positive_rate
2,0.24203287272721127,0.36996119906397684,1.0,0.6463184471875378,0.5333333333333333,0.1149425287356322
3,0.30405098252124807,0.2613770968219133,1.0,0.5618761511268695,0.6333333333333333,0.09195402298850573
4,0.2887019856973736,0.22805117276770304,1.0,0.5335603065061739,0.6,0.10689655172413794
5,0.2565354989018876,0.1496874726168528,1.0,0.48766255093512406,0.6333333333333333,0.10344827586206896
6,0.24221706007489321,0.15979415365346814,1.0,0.43148362192455036,0.6,0.15977011494252874
